ID,Date (mm/dd/yyyy),Title,Notes,Link,Link2,Link3
54,1/25/2025,"Big protests in Cologne (germany) against the fascist AfD Party,
 which got supported by Musk.",,https://www.reddit.com/r/AntifascistsofReddit/comments/1i9oy3e/big_protests_in_cologne_germany_against_the/ ,,
53,1/25/2025,Elon Musk Speaks at an AfD rally in Germany,,https://www.reddit.com/r/pics/s/flhxe5BYEb ,,
52,1/25/2025,"PEPFAR, the anti-HIV program, faces loss of funds as part of
 U.S. aid pause : Goats and Soda : NPR",,https://www.npr.org/sections/goats-and-soda/2025/01/25/g-s1-44762/pepfar-trump-hiv-foreign-aid ,,
51,1/25/2025,[r/pics] Today 100000 people demonstrated in Berlin against fascism,,https://www.reddit.com/r/pics/s/L5dSODGwGr ,,
50,1/25/2025,"[r/UpliftingNews] Bloomberg compensates for the US payments that will
 be missing due to Trump's withdrawal from the Paris Agreement",,https://www.reddit.com/r/UpliftingNews/s/p6kxNFXaxi ,,
49,1/25/2025,"[r/DeepFuckingValue] Uh oh, looks like another whistleblower is about to have another change of heart and decide to magically commit suicide, die under mysterious circu mstances, or have an accident 🫣",,https://www.reddit.com/r/DeepFuckingValue/s/XixkOV0qBz ,,
48,1/25/2025,Trump calls on the federal government to recognize North Carolina's Lumbee Tribe,,https://www.npr.org/2025/01/25/g-s1-44677/lumbee-tribe-recognition-north-carolina-trump,,
47,1/24/2025,Local governments across U.S. signal they won't aid Trump migrant crackdown,,https://www.npr.org/2025/01/24/nx-s1-5273686/trump-immigration-crackdown-border-police-ice-deportation,,
46,1/24/2025,US Justice Department drops case against Texas doctor charged with leaking transgender care data ,,https://www.thecanadianpressnews.ca/health/us-justice-department-drops-case-against-texas-doctor-charged-with-leaking-transgender-care-data/article_e88197f1-f90b-5d8b-96b6-68a9ed197204.html,,
45,1/25/2025,JUST IN: U.S. Senate votes to confirm Kristi Noem as Trump’s Homeland Security secretary by a bipartisan 59-34 vote.,,https://bsky.app/profile/meidastouch.com/post/3lglg4tjdsc2b,,
44,1/25/2025,The FDA pulls key DEI initiative for cancer studies from its website,,https://www.npr.org/sections/shots-health-news/2025/01/25/nx-s1-5274115/fda-diversity-dei-cancer-studies,,
43,1/25/2025,"Mississippi House Bill 1484 wants to create ""Illegal Alien Bounty Hunters"" and lock away those apprehended immigrants for LIFE... "," Text of proposed Bill:

https://billstatus.ls.state.ms.us/documents/2025/html/HB/1400-1499/HB1484IN.htm

My theory all along has been that they want to create slaves out of them and not actually deport them. Remember Dear Comrades: Capital seeks to create slave of us all. And nowhere is this more true than in Murikkka...I mean this nation was formed by literal genocidal maniacs who owned actual slaves.

This nation has always been a fascistic horror. They've finally dumbed down enough people to make not hiding it any longer acceptable. ",https://cbsaustin.com/news/nation-world/bounty-hunters-proposed-bill-aims-to-curb-illegal-immigration-with-1k-rewards-migrants-mississipii,,
42,1/25/2025,"Secret Service says its agents visited Southwest Side school, not ICE",,https://wgntv.com/news/chicago-news/secret-service-says-its-agents-visited-southwest-side-school-not-ice/,,
41,1/25/2025,"Making schools less safe, Trump administration shuts down school safety board",,https://giffords.org/press-release/2025/01/trump-administration-shuts-down-school-safety-board/,,
40,1/25/2025,"Pete Hegseth, Trump's embattled pick for defense secretary, wins Senate confirmation",,https://www.npr.org/2025/01/24/nx-s1-5272854/trump-cabinet-picks-pete-hegseth-senate-confirmation-vote,,
39,1/25/2025,Funds for fight against HIV/AIDS paused in Trump aid freeze,Hank Green: Trump just undid the only good thing GWB did in his entire 8 years.,https://web.archive.org/web/20250125013914/https://www.washingtonpost.com/world/2025/01/24/trump-aid-pause-hiv-pepfar/,,
38,1/25/2025,"U.S. puts virtually all foreign aid on 90-day hold, issues 'stop-work' order",,https://www.npr.org/sections/goats-and-soda/2025/01/24/g-s1-44643/trump-foreign-aid-assistance-pause,,
37,1/25/2025,"Donald Trump suggests he will only provide aid to California if they pass a voter ID law. 

Then he said he’ll put no conditions on North Carolina, a state that voted for him.",,https://bsky.app/profile/calltoactivism.bsky.social/post/3lgjsgxi3y22r,,
36,1/25/2025,Ex-Fox News host Pete Hegseth confirmed as Trump's defence secretary ,,https://www.bbc.com/news/articles/cdd9zpj13q9o,,
35,1/25/2025,"Trump ends Fauci's security detail, says he'd feel no responsibility if he was harmed",,https://www.npr.org/2025/01/24/nx-s1-5273805/donald-trump-anthony-fauci-security-detail-federal,,
34,1/25/2025,Elon Musk's continues to be a worldwide threat. Video shows his Impact from endorsing the AFD in Germany. ,,https://www.reddit.com/r/AntifascistsofReddit/comments/1i95zbs/elon_musks_continues_to_be_a_worldwide_threat/?share_id=rfSRLRokYXiMWyiQBj5Lw&utm_medium=android_app&utm_name=androidcss&utm_source=share&utm_term=10,,
33,1/25/2025,"‘Gulf of America’ name change now official, Trump administration says",,https://www.reuters.com/world/americas/trump-administration-says-gulf-america-name-change-now-official-2025-01-24/,,
32,1/25/2025,"X is ""user growth is stagnant, revenue is unimpressive, and we're barely breaking even""",,https://www.techmeme.com/250124/p24#a250124p24,https://www.wsj.com/finance/banking/wall-street-banks-prepare-to-sell-billions-of-dollars-of-x-loans-c609beb1?st=qi4q4y&reflink=desktopwebshare_permalink,
31,1/25/2025,Trump fires at least 12 independent inspectors general in late-night purge,,https://web.archive.org/web/20250125054342/https://www.washingtonpost.com/politics/2025/01/24/trump-fire-inspectors-general-federal-agencies/,,
30,1/24/2025,"Trump’s $7 billion meme coin hasn’t made him richer, Forbes and Bloomberg say","Classic pump and dump. $Trump and $Melania coins. 
While some reports said that Trump had added tens of billions of dollars to his fortune through the meme coin issuance, “those numbers are based on theoretical prices for crypto assets that Trump cannot sell right now, which is why Forbes values them at zero, in keeping with our methodology of generally excluding unsellable assets from net worth tallies,” Forbes’s Dan Alexander, a journalist who has extensively covered Trump’s business interests for years, wrote. ",https://www.marketwatch.com/story/trumps-7-billion-meme-coin-hasnt-made-him-richer-forbes-and-bloomberg-say-1ce638dd,,
29,1/24/2025,"If Canada became a state, Canadians would have ‘much better’ health coverage, says Trump",,https://www.ctvnews.ca/world/article/trump-says-canada-would-have-much-better-health-coverage-as-a-state/,,
28,1/24/2025,Trump proposes ‘getting rid of FEMA’ while touring disaster areas,,https://apnews.com/article/trump-first-trip-california-north-carolina-nevada-b906880254ce7bf249c3dcefa45bf846,,
27,1/24/2025,Bezos deletes'LGBTQ+ rights' and 'equity for Black people' from Amazon policies,,https://www.irishstar.com/news/us-news/jeff-bezos-deletes-lgbtq-rights-34533955,,
26,1/24/2025,Trump says he wants to overhaul FEMA as he travels to North Carolina and California,,https://www.npr.org/2025/01/24/nx-s1-5273606/trump-visit-asheville-california-disasters,,
25,1/24/2025,I’m a health researcher. NIH’s pause on research grants could have a devastating cost.,,https://www.msnbc.com/opinion/msnbc-opinion/-nih-research-grant-pause-trump-rcna188959,,
24,1/23/2025,Senator Bernie Sanders: Musk has been backing neo-Nazi parties around the world ,,https://www.youtube.com/watch?v=7ZObMDPR7CQ,,
23,1/23/2025,Trump has fired a major cyber security investigations body. It’s a risky move,,https://theconversation.com/trump-has-fired-a-major-cyber-security-investigations-body-its-a-risky-move-248106,https://techcrunch.com/2025/01/22/trump-administration-fires-members-of-cybersecurity-review-board-in-horribly-shortsighted-decision/,
22,1/23/2025,Rep. Ogles Proposes Amending the 22nd Amendment to Allow Trump to Serve a Third Term,,https://ogles.house.gov/media/press-releases/rep-ogles-proposes-amending-22nd-amendment-allow-trump-serve-third-term,,
21,1/23/2025,"Secret Service, Not ICE Agents Turned Away From Back of the Yards Elementary School",,https://news.wttw.com/2025/01/24/ice-agents-turned-away-back-yards-elementary-school-officials,https://www.cbsnews.com/boston/news/worcester-schools-immigration-ice-agents-bus-stop/,
20,1/22/2025,Trump administration shuts down White House Spanish-language page and social media,,https://apnews.com/article/trump-white-house-spanish-language-website-62224890c5b05c8ce0878358ba4a5266,,
19,1/22/2024,Trump administration freezes many health agency reports and online posts,,https://apnews.com/article/trump-health-communications-cdc-hhs-fda-1eeca64c1ccc324b31b779a86d3999a4,https://gizmodo.com/trump-orders-cdc-fda-and-other-health-agencies-to-go-dark-2000553437,
18,1/22/2025,US constitution (temporarily?) removed from website,,https://www.usatoday.com/story/news/politics/2025/01/21/trump-white-house-website-removes-presidential-webpages/77851785007/,https://www.snopes.com/fact-check/trump-admin-us-constitution/,
17,1/21/2025,Northern Kentucky police: Flyers urge immigrants to 'leave now' and 'avoid deportation',,https://www.usatoday.com/story/news/2025/01/21/kkk-leave-now-avoid-deportation-flyers-found-in-kentucky/77840098007/,,
16,1/21/2025,Washington National Cathedral Bishop Calls Out Trump to His Face,,https://www.rollingstone.com/politics/politics-news/washington-national-cathedral-bishop-trump-1235242803/,,
15,1/20/2025,Trump threatens 25 percent tariffs on Mexico and Canada starting Feb. 1 ,,https://thehill.com/homenews/administration/5097020-trump-threatens-25-percent-tariffs-on-mexico-and-canada-starting-feb-1/,https://www.latimes.com/business/story/2025-01-21/trump-says-25-tariffs-on-canada-and-mexico-coming-on-feb-1-as-he-signs-several-orders-on-economy,
14,1/20/2025,inauguration notes - Did not fly flag a half staff despite Jimmy carter dying within last 30 days.,,,,
13,1/20/2025,inauguration notes - Elon doing sieg heil (2x) and not getting booed,,https://www.youtube.com/watch?v=zzVEuvGreUg,https://www.youtube.com/watch?v=Cu3T06r1scQ,
12,1/20/2025,inauguration notes - Trump does not put his hand on the bible while being sworn in,,https://www.youtube.com/watch?v=g14ts0KYa98&list=RDNSg14ts0KYa98&start_radio=1,,
11,1/20/2025,"inauguration notes - Elon clearly on something, ketamine?",,https://www.tiktok.com/@hollyweirdtea/video/7462251068110490926?q=elon%20musk%20inaguration&t=1737662115443,https://www.tiktok.com/@anyaaa_ukr/video/7462358836637191455?q=elon%20musk%20inaguration&t=1737662115443,
10,1/20/2025,inauguration notes - Donald Trump Jr. seen sniffing something out of camera and looking up with an overly exaggerated grin.,,https://www.tiktok.com/@chadterry888/video/7462391511515254059?q=don%20jr%20inaguration&t=1737662244995,,
9,1/20/2025,inauguration notes - Melania and trump do an awkward 'air kiss',,https://www.tiktok.com/@nbcsouthflorida/video/7462042493991898398?q=melania%20inaguration&t=1737662291722,,
8,1/20/2025,"inauguration notes - Several billionaires attended, their net worth amounted to over 1 trillion dollars, and they sat in the space typically reserved for governors.",,,,
7,1/20/2025,inaugration notes - Trump admits he rigged the election,,https://www.tiktok.com/@darcynaro/video/7463570764642454806?q=Trump%20admits%20he%20rigged%20the%20election&t=1737778624873,,
6,1/1/2025,"Tariffs - will impose a significant burden on tax payers, and not on other countries. He doesn’t understand what a tariff is. ",,,,
5,11/18/2024,"Column: Trump’s worst Cabinet picks aren’t just unqualified, they’re part of a bigger power grab","Trump has made a number of unqualified picks for cabinet members;
RFK JR - health and human services - anti-vaccine activist for 
Matt Gaetz - Attorney General - Who has been under investigation for sexual misconduct with minors. Who has been said to brag about it on the house floor. He later dropped out of the running.
Peter Brian Hegseth - Defense Secretary - Television personality - also is a vet. Allegations of misconduct 
secretary of State - Marco Rubio
Interior - Doug Burgum
Energy - Chris Wright
Veterans Affairs - Doug Collins
Homeland Secuirty - Kristi Noem - 
Rep. Elise Stefanik for United Nations ambassador",https://www.latimes.com/world-nation/story/2024-11-18/column-trumps-outlandish-cabinet-picks-arent-just-unqualified-theyre-part-of-a-bigger-power-grab,,
4,11/6/2024,Republicans Celebrate by Admitting They Can’t Wait for Project 2025,"Project 2025 is a political initiative published in April 2023 by the American conservative think tank The Heritage Foundation. Trump initially denied any relevance, only to put in places of in government authors of it. Day after election results came in, it was announced that is the plan all along.",https://www.rollingstone.com/politics/politics-news/republicans-celebrate-project-2025-trump-win-1235155322/,,
3,11/5/2024,"Musk influencing voters in PA -  Elon Musk’s $1 million-a-day voter sweepstakes can proceed, a Pennsylvania judge says",,https://apnews.com/article/musk-million-sweepstakes-lottery-pennsylvania-krasner-4f683c48eb7dcc57f183e54ef16e7320,,
2,11/4/2024,No more fluoride in the water? RFK Jr. wants that and Trump says it 'sounds OK',,https://www.npr.org/sections/shots-health-news/2024/11/04/nx-s1-5178706/fluoride-drinking-water-rfk-jr-trump-conspiracy,,
1,10/7/2024,Elon Musk Says He Might Get Thrown in Jail If Trump Doesn’t Win ,Was on Tucker Carleson's web video show,https://gizmodo.com/elon-musk-says-he-might-get-thrown-in-jail-if-trump-doesnt-win-2000508695,,
